Date,maxtempC,mintempC,tempC,sr.no.
1/3/2014,26,16,26,1
2/3/2014,26,19,26,2
3/3/2014,26,20,26,3
4/3/2014,28,19,28,4
5/3/2014,27,20,27,5
6/3/2014,29,20,29,6
7/3/2014,30,21,30,7
8/3/2014,31,22,31,8
9/3/2014,31,23,31,9
10/3/2014,30,22,30,10
11/3/2014,29,23,29,11
12/3/2014,30,20,30,12
13/03/2014,30,21,30,13
14/03/2014,31,22,31,14
15/03/2014,31,22,31,15
16/03/2014,30,21,30,16
17/03/2014,28,22,28,17
18/03/2014,31,21,31,18
19/03/2014,31,21,31,19
20/03/2014,29,21,29,20
21/03/2014,28,22,28,21
22/03/2014,31,22,31,22
23/03/2014,30,23,30,23
24/03/2014,34,23,34,24
25/03/2014,34,23,34,25
26/03/2014,35,24,35,26
27/03/2014,31,25,31,27
28/03/2014,30,24,30,28
29/03/2014,29,23,29,29
30/03/2014,32,23,32,30
31/03/2014,32,23,32,31
1/4/2014,31,23,31,32
2/4/2014,30,24,30,33
3/4/2014,32,24,32,34
4/4/2014,33,23,33,35
5/4/2014,31,23,31,36
6/4/2014,34,25,34,37
7/4/2014,34,24,34,38
8/4/2014,34,23,34,39
9/4/2014,33,22,33,40
10/4/2014,33,23,33,41
11/4/2014,32,24,32,42
12/4/2014,31,23,31,43
13/04/2014,31,24,31,44
14/04/2014,33,24,33,45
15/04/2014,34,25,34,46
16/04/2014,33,25,33,47
17/04/2014,32,25,32,48
18/04/2014,32,25,32,49
19/04/2014,33,25,33,50
20/04/2014,34,24,34,51
21/04/2014,34,26,34,52
22/04/2014,34,27,34,53
23/04/2014,35,27,35,54
24/04/2014,33,25,33,55
25/04/2014,33,26,33,56
26/04/2014,35,26,35,57
27/04/2014,37,27,37,58
28/04/2014,37,27,37,59
29/04/2014,35,27,35,60
30/04/2014,34,27,34,61
1/5/2014,34,27,34,62
2/5/2014,34,26,34,63
3/5/2014,34,26,34,64
4/5/2014,35,27,35,65
5/5/2014,36,27,36,66
6/5/2014,38,27,38,67
7/5/2014,37,28,37,68
8/5/2014,36,27,36,69
9/5/2014,37,27,37,70
10/5/2014,35,28,35,71
11/5/2014,33,27,33,72
12/5/2014,32,28,32,73
13/05/2014,33,28,33,74
14/05/2014,33,28,33,75
15/05/2014,31,28,31,76
16/05/2014,33,28,33,77
17/05/2014,33,28,33,78
18/05/2014,33,26,33,79
19/05/2014,33,27,33,80
20/05/2014,34,27,34,81
21/05/2014,35,27,35,82
22/05/2014,34,28,34,83
23/05/2014,36,28,36,84
24/05/2014,38,28,38,85
25/05/2014,38,29,38,86
26/05/2014,38,28,38,87
27/05/2014,38,28,38,88
28/05/2014,35,28,35,89
29/05/2014,33,28,33,90
30/05/2014,33,28,33,91
31/05/2014,34,28,34,92
1/6/2014,35,28,35,93
2/6/2014,36,28,36,94
3/6/2014,37,29,37,95
4/6/2014,37,29,37,96
5/6/2014,39,30,39,97
6/6/2014,37,29,37,98
7/6/2014,37,28,37,99
8/6/2014,43,29,43,100
9/6/2014,37,29,37,101
10/6/2014,34,28,34,102
11/6/2014,35,28,35,103
12/6/2014,35,30,35,104
13/06/2014,35,30,35,105
14/06/2014,36,30,36,106
15/06/2014,35,30,35,107
16/06/2014,34,29,34,108
17/06/2014,34,29,34,109
18/06/2014,34,30,34,110
19/06/2014,36,29,36,111
20/06/2014,35,29,35,112
21/06/2014,35,31,35,113
22/06/2014,34,30,34,114
23/06/2014,34,30,34,115
24/06/2014,34,30,34,116
25/06/2014,33,30,33,117
26/06/2014,34,30,34,118
27/06/2014,34,30,34,119
28/06/2014,33,29,33,120
29/06/2014,32,29,32,121
30/06/2014,32,29,32,122
1/7/2014,32,29,32,123
2/7/2014,33,29,33,124
3/7/2014,32,29,32,125
4/7/2014,31,29,31,126
5/7/2014,32,29,32,127
6/7/2014,32,28,32,128
7/7/2014,32,29,32,129
8/7/2014,32,29,32,130
9/7/2014,33,29,33,131
10/7/2014,33,29,33,132
11/7/2014,33,29,33,133
12/7/2014,33,29,33,134
13/07/2014,34,29,34,135
14/07/2014,34,29,34,136
15/07/2014,34,29,34,137
16/07/2014,34,29,34,138
17/07/2014,34,29,34,139
18/07/2014,33,29,33,140
19/07/2014,33,29,33,141
20/07/2014,32,29,32,142
21/07/2014,33,29,33,143
22/07/2014,33,29,33,144
23/07/2014,33,28,33,145
24/07/2014,31,29,31,146
25/07/2014,31,29,31,147
26/07/2014,32,29,32,148
27/07/2014,33,29,33,149
28/07/2014,33,29,33,150
29/07/2014,33,29,33,151
30/07/2014,33,29,33,152
31/07/2014,34,28,34,153
1/8/2014,32,28,32,154
2/8/2014,29,27,29,155
3/8/2014,29,27,29,156
4/8/2014,30,27,30,157
5/8/2014,30,27,30,158
6/8/2014,31,27,31,159
7/8/2014,30,27,30,160
8/8/2014,30,27,30,161
9/8/2014,32,27,32,162
10/8/2014,32,27,32,163
11/8/2014,31,27,31,164
12/8/2014,31,27,31,165
13/08/2014,31,27,31,166
14/08/2014,31,28,31,167
15/08/2014,29,28,29,168
16/08/2014,31,28,31,169
17/08/2014,32,28,32,170
18/08/2014,31,27,31,171
19/08/2014,30,27,30,172
20/08/2014,31,27,31,173
21/08/2014,31,27,31,174
22/08/2014,30,27,30,175
23/08/2014,30,27,30,176
24/08/2014,31,27,31,177
25/08/2014,31,27,31,178
26/08/2014,31,27,31,179
27/08/2014,31,28,31,180
28/08/2014,33,27,33,181
29/08/2014,34,28,34,182
30/08/2014,34,28,34,183
31/08/2014,35,28,35,184
1/9/2014,36,29,36,185
2/9/2014,38,30,38,186
3/9/2014,38,31,38,187
4/9/2014,33,28,33,188
5/9/2014,31,28,31,189
6/9/2014,31,27,31,190
7/9/2014,32,27,32,191
8/9/2014,33,27,33,192
9/9/2014,31,27,31,193
10/9/2014,30,27,30,194
11/9/2014,31,27,31,195
12/9/2014,31,27,31,196
13/09/2014,33,27,33,197
14/09/2014,31,27,31,198
15/09/2014,31,26,31,199
16/09/2014,31,26,31,200
17/09/2014,31,27,31,201
18/09/2014,31,26,31,202
19/09/2014,31,26,31,203
20/09/2014,30,27,30,204
21/09/2014,30,27,30,205
22/09/2014,31,27,31,206
23/09/2014,30,27,30,207
24/09/2014,30,27,30,208
25/09/2014,31,27,31,209
26/09/2014,31,27,31,210
27/09/2014,31,26,31,211
28/09/2014,31,26,31,212
29/09/2014,31,26,31,213
30/09/2014,31,26,31,214
1/10/2014,31,26,31,215
2/10/2014,32,25,32,216
3/10/2014,32,25,32,217
4/10/2014,32,26,32,218
5/10/2014,31,26,31,219
6/10/2014,32,26,32,220
7/10/2014,32,26,32,221
8/10/2014,32,25,32,222
9/10/2014,34,25,34,223
10/10/2014,36,27,36,224
11/10/2014,36,28,36,225
12/10/2014,37,27,37,226
13/10/2014,36,27,36,227
14/10/2014,35,27,35,228
15/10/2014,33,26,33,229
16/10/2014,34,25,34,230
17/10/2014,33,25,33,231
18/10/2014,33,25,33,232
19/10/2014,33,25,33,233
20/10/2014,34,25,34,234
21/10/2014,35,25,35,235
22/10/2014,34,26,34,236
23/10/2014,34,25,34,237
24/10/2014,33,25,33,238
25/10/2014,34,25,34,239
26/10/2014,35,27,35,240
27/10/2014,34,26,34,241
28/10/2014,33,26,33,242
29/10/2014,32,26,32,243
30/10/2014,32,26,32,244
31/10/2014,34,27,34,245
1/11/2014,32,27,32,246
2/11/2014,32,27,32,247
3/11/2014,30,26,30,248
4/11/2014,30,25,30,249
5/11/2014,30,25,30,250
6/11/2014,30,24,30,251
7/11/2014,33,25,33,252
8/11/2014,32,26,32,253
9/11/2014,32,25,32,254
10/11/2014,31,24,31,255
11/11/2014,31,23,31,256
12/11/2014,32,24,32,257
13/11/2014,32,25,32,258
14/11/2014,32,25,32,259
15/11/2014,31,23,31,260
16/11/2014,31,22,31,261
17/11/2014,31,23,31,262
18/11/2014,31,23,31,263
19/11/2014,31,23,31,264
20/11/2014,30,24,30,265
21/11/2014,30,23,30,266
22/11/2014,30,23,30,267
23/11/2014,30,21,30,268
24/11/2014,30,22,30,269
25/11/2014,30,21,30,270
26/11/2014,30,22,30,271
27/11/2014,30,24,30,272
28/11/2014,29,23,29,273
29/11/2014,29,22,29,274
30/11/2014,29,23,29,275
1/12/2014,30,22,30,276
2/12/2014,29,21,29,277
3/12/2014,29,22,29,278
4/12/2014,29,22,29,279
5/12/2014,30,22,30,280
6/12/2014,30,22,30,281
7/12/2014,29,21,29,282
8/12/2014,29,20,29,283
9/12/2014,28,19,28,284
10/12/2014,27,20,27,285
11/12/2014,26,18,26,286
12/12/2014,27,18,27,287
13/12/2014,25,18,25,288
14/12/2014,25,17,25,289
15/12/2014,25,17,25,290
16/12/2014,26,17,26,291
17/12/2014,25,18,25,292
18/12/2014,25,17,25,293
19/12/2014,26,19,26,294
20/12/2014,26,18,26,295
21/12/2014,25,17,25,296
22/12/2014,24,18,24,297
23/12/2014,25,20,25,298
24/12/2014,25,17,25,299
25/12/2014,26,18,26,300
26/12/2014,27,19,27,301
27/12/2014,25,17,25,302
28/12/2014,25,17,25,303
29/12/2014,25,17,25,304
30/12/2014,24,17,24,305
31/12/2014,25,16,25,306
1/1/2015,24,15,24,307
2/1/2015,25,16,25,308
3/1/2015,25,17,25,309
4/1/2015,26,17,26,310
5/1/2015,26,18,26,311
6/1/2015,25,19,25,312
7/1/2015,27,20,27,313
8/1/2015,27,19,27,314
9/1/2015,26,18,26,315
10/1/2015,27,18,27,316
11/1/2015,27,18,27,317
12/1/2015,26,20,26,318
13/01/2015,28,21,28,319
14/01/2015,26,18,26,320
15/01/2015,25,16,25,321
16/01/2015,25,16,25,322
17/01/2015,24,16,24,323
18/01/2015,24,16,24,324
19/01/2015,25,17,25,325
20/01/2015,23,17,23,326
21/01/2015,22,17,22,327
22/01/2015,24,18,24,328
23/01/2015,23,17,23,329
24/01/2015,23,16,23,330
25/01/2015,23,17,23,331
26/01/2015,23,17,23,332
27/01/2015,23,17,23,333
28/01/2015,23,15,23,334
29/01/2015,24,16,24,335
30/01/2015,26,18,26,336
31/01/2015,25,19,25,337
1/2/2015,26,21,26,338
2/2/2015,27,21,27,339
3/2/2015,26,18,26,340
4/2/2015,27,19,27,341
5/2/2015,27,19,27,342
6/2/2015,26,19,26,343
7/2/2015,25,20,25,344
8/2/2015,25,19,25,345
9/2/2015,26,19,26,346
10/2/2015,27,19,27,347
11/2/2015,27,20,27,348
12/2/2015,29,20,29,349
13/02/2015,28,21,28,350
14/02/2015,29,22,29,351
15/02/2015,29,22,29,352
16/02/2015,30,22,30,353
17/02/2015,31,23,31,354
18/02/2015,30,22,30,355
19/02/2015,30,22,30,356
20/02/2015,31,22,31,357
21/02/2015,32,23,32,358
22/02/2015,32,24,32,359
23/02/2015,30,24,30,360
24/02/2015,27,22,27,361
25/02/2015,25,19,25,362
26/02/2015,25,18,25,363
27/02/2015,26,19,26,364
28/02/2015,22,18,22,365
1/3/2015,23,16,23,366
2/3/2015,25,18,25,367
3/3/2015,26,20,26,368
4/3/2015,25,20,25,369
5/3/2015,26,21,26,370
6/3/2015,29,21,29,371
7/3/2015,28,22,28,372
8/3/2015,29,21,29,373
9/3/2015,29,21,29,374
10/3/2015,25,21,25,375
11/3/2015,30,21,30,376
12/3/2015,31,21,31,377
13/03/2015,31,21,31,378
14/03/2015,32,22,32,379
15/03/2015,33,22,33,380
16/03/2015,32,22,32,381
17/03/2015,32,22,32,382
18/03/2015,32,23,32,383
19/03/2015,29,25,29,384
20/03/2015,32,24,32,385
21/03/2015,34,25,34,386
22/03/2015,36,27,36,387
23/03/2015,36,26,36,388
24/03/2015,35,25,35,389
25/03/2015,36,25,36,390
26/03/2015,38,28,38,391
27/03/2015,37,27,37,392
28/03/2015,35,27,35,393
29/03/2015,35,27,35,394
30/03/2015,34,25,34,395
31/03/2015,32,24,32,396
1/4/2015,31,25,31,397
2/4/2015,32,25,32,398
3/4/2015,30,25,30,399
4/4/2015,31,24,31,400
5/4/2015,31,24,31,401
6/4/2015,33,24,33,402
7/4/2015,35,25,35,403
8/4/2015,36,25,36,404
9/4/2015,36,27,36,405
10/4/2015,36,28,36,406
11/4/2015,34,26,34,407
12/4/2015,35,26,35,408
13/04/2015,35,25,35,409
14/04/2015,35,25,35,410
15/04/2015,35,25,35,411
16/04/2015,38,27,38,412
17/04/2015,36,28,36,413
18/04/2015,36,28,36,414
19/04/2015,36,28,36,415
20/04/2015,38,28,38,416
21/04/2015,38,28,38,417
22/04/2015,36,27,36,418
23/04/2015,35,27,35,419
24/04/2015,36,27,36,420
25/04/2015,35,27,35,421
26/04/2015,36,27,36,422
27/04/2015,36,27,36,423
28/04/2015,36,26,36,424
29/04/2015,37,27,37,425
30/04/2015,39,27,39,426
1/5/2015,41,30,41,427
2/5/2015,39,29,39,428
3/5/2015,36,28,36,429
4/5/2015,36,27,36,430
5/5/2015,36,27,36,431
6/5/2015,35,27,35,432
7/5/2015,35,27,35,433
8/5/2015,35,28,35,434
9/5/2015,34,27,34,435
10/5/2015,35,27,35,436
11/5/2015,36,28,36,437
12/5/2015,38,29,38,438
13/05/2015,38,28,38,439
14/05/2015,38,28,38,440
15/05/2015,36,27,36,441
16/05/2015,36,28,36,442
17/05/2015,36,28,36,443
18/05/2015,36,28,36,444
19/05/2015,36,28,36,445
20/05/2015,37,28,37,446
21/05/2015,38,29,38,447
22/05/2015,37,29,37,448
23/05/2015,37,29,37,449
24/05/2015,37,29,37,450
25/05/2015,36,28,36,451
26/05/2015,35,29,35,452
27/05/2015,36,28,36,453
28/05/2015,37,29,37,454
29/05/2015,37,28,37,455
30/05/2015,36,28,36,456
31/05/2015,38,29,38,457
1/6/2015,39,28,39,458
2/6/2015,40,28,40,459
3/6/2015,35,29,35,460
4/6/2015,36,28,36,461
5/6/2015,37,29,37,462
6/6/2015,35,28,35,463
7/6/2015,36,28,36,464
8/6/2015,36,28,36,465
9/6/2015,34,30,34,466
10/6/2015,35,29,35,467
11/6/2015,35,29,35,468
12/6/2015,35,29,35,469
13/06/2015,35,29,35,470
14/06/2015,35,29,35,471
15/06/2015,33,29,33,472
16/06/2015,35,29,35,473
17/06/2015,37,29,37,474
18/06/2015,38,30,38,475
19/06/2015,40,31,40,476
20/06/2015,41,33,41,477
21/06/2015,41,34,41,478
22/06/2015,40,35,40,479
23/06/2015,38,32,38,480
24/06/2015,36,30,36,481
25/06/2015,36,29,36,482
26/06/2015,36,29,36,483
27/06/2015,36,30,36,484
28/06/2015,37,30,37,485
29/06/2015,36,30,36,486
30/06/2015,35,30,35,487
1/7/2015,34,29,34,488
2/7/2015,33,29,33,489
3/7/2015,34,29,34,490
4/7/2015,32,29,32,491
5/7/2015,34,29,34,492
6/7/2015,33,29,33,493
7/7/2015,35,29,35,494
8/7/2015,30,29,30,495
9/7/2015,32,28,32,496
10/7/2015,33,28,33,497
11/7/2015,32,28,32,498
12/7/2015,32,29,32,499
13/07/2015,32,28,32,500
14/07/2015,32,28,32,501
15/07/2015,32,28,32,502
16/07/2015,34,29,34,503
17/07/2015,33,28,33,504
18/07/2015,33,29,33,505
19/07/2015,33,29,33,506
20/07/2015,33,29,33,507
21/07/2015,34,29,34,508
22/07/2015,33,29,33,509
23/07/2015,35,29,35,510
24/07/2015,31,28,31,511
25/07/2015,33,28,33,512
26/07/2015,31,29,31,513
27/07/2015,29,28,29,514
28/07/2015,31,28,31,515
29/07/2015,30,28,30,516
30/07/2015,30,28,30,517
31/07/2015,29,28,29,518
1/8/2015,31,27,31,519
2/8/2015,31,27,31,520
3/8/2015,31,27,31,521
4/8/2015,31,27,31,522
5/8/2015,31,27,31,523
6/8/2015,31,26,31,524
7/8/2015,32,27,32,525
8/8/2015,31,27,31,526
9/8/2015,30,26,30,527
10/8/2015,30,26,30,528
11/8/2015,33,27,33,529
12/8/2015,32,27,32,530
13/08/2015,33,27,33,531
14/08/2015,31,27,31,532
15/08/2015,33,27,33,533
16/08/2015,32,27,32,534
17/08/2015,32,27,32,535
18/08/2015,32,27,32,536
19/08/2015,31,27,31,537
20/08/2015,31,27,31,538
21/08/2015,31,27,31,539
22/08/2015,31,27,31,540
23/08/2015,30,27,30,541
24/08/2015,29,27,29,542
25/08/2015,30,26,30,543
26/08/2015,31,27,31,544
27/08/2015,29,27,29,545
28/08/2015,30,27,30,546
29/08/2015,31,26,31,547
30/08/2015,31,26,31,548
31/08/2015,30,26,30,549
1/9/2015,33,27,33,550
2/9/2015,30,26,30,551
3/9/2015,29,26,29,552
4/9/2015,29,26,29,553
5/9/2015,32,27,32,554
6/9/2015,32,27,32,555
7/9/2015,31,27,31,556
8/9/2015,32,27,32,557
9/9/2015,32,27,32,558
10/9/2015,32,26,32,559
11/9/2015,33,27,33,560
12/9/2015,34,27,34,561
13/09/2015,34,27,34,562
14/09/2015,33,27,33,563
15/09/2015,31,27,31,564
16/09/2015,32,27,32,565
17/09/2015,32,26,32,566
18/09/2015,33,26,33,567
19/09/2015,33,26,33,568
20/09/2015,33,26,33,569
21/09/2015,37,31,37,570
22/09/2015,37,29,37,571
23/09/2015,34,27,34,572
24/09/2015,32,27,32,573
25/09/2015,31,26,31,574
26/09/2015,32,26,32,575
27/09/2015,32,26,32,576
28/09/2015,32,25,32,577
29/09/2015,34,25,34,578
30/09/2015,38,27,38,579
1/10/2015,39,30,39,580
2/10/2015,38,30,38,581
3/10/2015,36,28,36,582
4/10/2015,33,27,33,583
5/10/2015,33,26,33,584
6/10/2015,34,26,34,585
7/10/2015,33,26,33,586
8/10/2015,35,26,35,587
9/10/2015,34,26,34,588
10/10/2015,33,27,33,589
11/10/2015,33,27,33,590
12/10/2015,33,27,33,591
13/10/2015,33,26,33,592
14/10/2015,34,26,34,593
15/10/2015,36,27,36,594
16/10/2015,37,28,37,595
17/10/2015,36,28,36,596
18/10/2015,35,27,35,597
19/10/2015,33,28,33,598
20/10/2015,34,27,34,599
21/10/2015,35,27,35,600
22/10/2015,36,27,36,601
23/10/2015,34,27,34,602
24/10/2015,33,26,33,603
25/10/2015,32,27,32,604
26/10/2015,34,27,34,605
27/10/2015,33,27,33,606
28/10/2015,33,26,33,607
29/10/2015,33,25,33,608
30/10/2015,33,25,33,609
31/10/2015,33,25,33,610
1/11/2015,33,25,33,611
2/11/2015,32,25,32,612
3/11/2015,33,25,33,613
4/11/2015,33,25,33,614
5/11/2015,34,26,34,615
6/11/2015,33,26,33,616
7/11/2015,31,24,31,617
8/11/2015,31,23,31,618
9/11/2015,31,23,31,619
10/11/2015,32,23,32,620
11/11/2015,32,24,32,621
12/11/2015,33,25,33,622
13/11/2015,32,25,32,623
14/11/2015,31,24,31,624
15/11/2015,31,24,31,625
16/11/2015,33,24,33,626
17/11/2015,32,25,32,627
18/11/2015,32,23,32,628
19/11/2015,32,23,32,629
20/11/2015,31,22,31,630
21/11/2015,31,23,31,631
22/11/2015,31,23,31,632
23/11/2015,31,23,31,633
24/11/2015,32,23,32,634
25/11/2015,31,23,31,635
26/11/2015,30,22,30,636
27/11/2015,28,20,28,637
28/11/2015,28,20,28,638
29/11/2015,29,20,29,639
30/11/2015,30,21,30,640
1/12/2015,29,21,29,641
2/12/2015,30,20,30,642
3/12/2015,30,21,30,643
4/12/2015,30,22,30,644
5/12/2015,29,21,29,645
6/12/2015,30,21,30,646
7/12/2015,29,20,29,647
8/12/2015,29,20,29,648
9/12/2015,27,21,27,649
10/12/2015,26,19,26,650
11/12/2015,25,17,25,651
12/12/2015,25,15,25,652
13/12/2015,25,15,25,653
14/12/2015,26,16,26,654
15/12/2015,26,16,26,655
16/12/2015,26,17,26,656
17/12/2015,26,19,26,657
18/12/2015,27,18,27,658
19/12/2015,26,18,26,659
20/12/2015,27,18,27,660
21/12/2015,26,17,26,661
22/12/2015,26,17,26,662
23/12/2015,26,18,26,663
24/12/2015,24,16,24,664
25/12/2015,24,15,24,665
26/12/2015,26,18,26,666
27/12/2015,28,18,28,667
28/12/2015,27,19,27,668
29/12/2015,25,17,25,669
30/12/2015,29,20,29,670
31/12/2015,29,21,29,671
1/1/2016,29,20,29,672
2/1/2016,29,19,29,673
3/1/2016,28,20,28,674
4/1/2016,25,17,25,675
5/1/2016,28,20,28,676
6/1/2016,26,20,26,677
7/1/2016,26,20,26,678
8/1/2016,26,19,26,679
9/1/2016,26,19,26,680
10/1/2016,26,20,26,681
11/1/2016,26,20,26,682
12/1/2016,27,21,27,683
13/01/2016,26,19,26,684
14/01/2016,25,18,25,685
15/01/2016,25,18,25,686
16/01/2016,25,18,25,687
17/01/2016,26,20,26,688
18/01/2016,26,19,26,689
19/01/2016,26,18,26,690
20/01/2016,25,18,25,691
21/01/2016,25,17,25,692
22/01/2016,26,18,26,693
23/01/2016,26,18,26,694
24/01/2016,25,17,25,695
25/01/2016,25,18,25,696
26/01/2016,26,19,26,697
27/01/2016,26,21,26,698
28/01/2016,27,21,27,699
29/01/2016,26,22,26,700
30/01/2016,29,22,29,701
31/01/2016,28,21,28,702
1/2/2016,27,20,27,703
2/2/2016,27,19,27,704
3/2/2016,27,19,27,705
4/2/2016,26,18,26,706
5/2/2016,26,19,26,707
6/2/2016,28,20,28,708
7/2/2016,28,19,28,709
8/2/2016,28,18,28,710
9/2/2016,28,19,28,711
10/2/2016,28,21,28,712
11/2/2016,27,19,27,713
12/2/2016,27,20,27,714
13/02/2016,26,17,26,715
14/02/2016,26,17,26,716
15/02/2016,26,18,26,717
16/02/2016,27,18,27,718
17/02/2016,28,18,28,719
18/02/2016,29,21,29,720
19/02/2016,29,21,29,721
20/02/2016,29,21,29,722
21/02/2016,30,20,30,723
22/02/2016,30,20,30,724
23/02/2016,30,20,30,725
24/02/2016,31,20,31,726
25/02/2016,31,20,31,727
26/02/2016,34,21,34,728
27/02/2016,34,23,34,729
28/02/2016,34,23,34,730
29/02/2016,34,23,34,731
1/3/2016,33,24,33,732
2/3/2016,33,25,33,733
3/3/2016,33,24,33,734
4/3/2016,30,24,30,735
5/3/2016,31,23,31,736
6/3/2016,30,22,30,737
7/3/2016,29,23,29,738
8/3/2016,30,23,30,739
9/3/2016,30,22,30,740
10/3/2016,29,22,29,741
11/3/2016,29,24,29,742
12/3/2016,30,24,30,743
13/03/2016,29,24,29,744
14/03/2016,31,23,31,745
15/03/2016,31,24,31,746
16/03/2016,31,24,31,747
17/03/2016,31,25,31,748
18/03/2016,32,25,32,749
19/03/2016,32,25,32,750
20/03/2016,34,24,34,751
21/03/2016,35,23,35,752
22/03/2016,35,25,35,753
23/03/2016,34,24,34,754
24/03/2016,34,27,34,755
25/03/2016,34,25,34,756
26/03/2016,34,26,34,757
27/03/2016,34,25,34,758
28/03/2016,34,25,34,759
29/03/2016,32,23,32,760
30/03/2016,33,25,33,761
31/03/2016,33,25,33,762
1/4/2016,33,25,33,763
2/4/2016,34,25,34,764
3/4/2016,31,26,31,765
4/4/2016,32,24,32,766
5/4/2016,31,24,31,767
6/4/2016,31,24,31,768
7/4/2016,33,25,33,769
8/4/2016,32,24,32,770
9/4/2016,32,25,32,771
10/4/2016,32,26,32,772
11/4/2016,34,25,34,773
12/4/2016,34,26,34,774
13/04/2016,35,25,35,775
14/04/2016,35,25,35,776
15/04/2016,35,25,35,777
16/04/2016,35,25,35,778
17/04/2016,35,25,35,779
18/04/2016,35,25,35,780
19/04/2016,34,25,34,781
20/04/2016,35,25,35,782
21/04/2016,34,26,34,783
22/04/2016,37,26,37,784
23/04/2016,37,26,37,785
24/04/2016,38,26,38,786
25/04/2016,36,26,36,787
26/04/2016,36,26,36,788
27/04/2016,36,26,36,789
28/04/2016,37,27,37,790
29/04/2016,36,27,36,791
30/04/2016,36,27,36,792
1/5/2016,37,28,37,793
2/5/2016,37,29,37,794
3/5/2016,36,27,36,795
4/5/2016,34,27,34,796
5/5/2016,34,27,34,797
6/5/2016,35,27,35,798
7/5/2016,35,27,35,799
8/5/2016,35,27,35,800
9/5/2016,36,27,36,801
10/5/2016,35,27,35,802
11/5/2016,36,27,36,803
12/5/2016,37,27,37,804
13/05/2016,37,28,37,805
14/05/2016,36,28,36,806
15/05/2016,36,27,36,807
16/05/2016,37,27,37,808
17/05/2016,40,28,40,809
18/05/2016,40,29,40,810
19/05/2016,36,27,36,811
20/05/2016,37,27,37,812
21/05/2016,37,28,37,813
22/05/2016,36,29,36,814
23/05/2016,36,29,36,815
24/05/2016,36,28,36,816
25/05/2016,35,28,35,817
26/05/2016,33,28,33,818
27/05/2016,30,28,30,819
28/05/2016,29,28,29,820
29/05/2016,34,28,34,821
30/05/2016,33,28,33,822
31/05/2016,33,28,33,823
1/6/2016,36,28,36,824
2/6/2016,34,28,34,825
3/6/2016,35,28,35,826
4/6/2016,37,27,37,827
5/6/2016,39,28,39,828
6/6/2016,38,28,38,829
7/6/2016,36,28,36,830
8/6/2016,36,28,36,831
9/6/2016,36,29,36,832
10/6/2016,35,29,35,833
11/6/2016,35,29,35,834
12/6/2016,34,28,34,835
13/06/2016,32,29,32,836
14/06/2016,34,28,34,837
15/06/2016,34,29,34,838
16/06/2016,35,29,35,839
17/06/2016,34,28,34,840
18/06/2016,34,27,34,841
19/06/2016,33,26,33,842
20/06/2016,35,27,35,843
21/06/2016,34,27,34,844
22/06/2016,34,28,34,845
23/06/2016,34,28,34,846
24/06/2016,37,28,37,847
25/06/2016,37,30,37,848
26/06/2016,41,31,41,849
27/06/2016,39,31,39,850
28/06/2016,37,30,37,851
29/06/2016,36,30,36,852
30/06/2016,37,30,37,853
1/7/2016,38,31,38,854
2/7/2016,36,31,36,855
3/7/2016,35,30,35,856
4/7/2016,35,29,35,857
5/7/2016,34,29,34,858
6/7/2016,32,29,32,859
7/7/2016,31,29,31,860
8/7/2016,32,30,32,861
9/7/2016,32,29,32,862
10/7/2016,33,30,33,863
11/7/2016,34,30,34,864
12/7/2016,35,30,35,865
13/07/2016,35,29,35,866
14/07/2016,34,29,34,867
15/07/2016,33,29,33,868
16/07/2016,32,29,32,869
17/07/2016,31,29,31,870
18/07/2016,33,28,33,871
19/07/2016,32,28,32,872
20/07/2016,33,28,33,873
21/07/2016,33,28,33,874
22/07/2016,33,28,33,875
23/07/2016,33,28,33,876
24/07/2016,32,28,32,877
25/07/2016,32,28,32,878
26/07/2016,32,28,32,879
27/07/2016,32,28,32,880
28/07/2016,33,28,33,881
29/07/2016,33,28,33,882
30/07/2016,33,28,33,883
31/07/2016,30,28,30,884
1/8/2016,32,28,32,885
2/8/2016,31,28,31,886
3/8/2016,33,27,33,887
4/8/2016,29,28,29,888
5/8/2016,34,28,34,889
6/8/2016,32,28,32,890
7/8/2016,33,29,33,891
8/8/2016,34,29,34,892
9/8/2016,33,29,33,893
10/8/2016,33,29,33,894
11/8/2016,33,29,33,895
12/8/2016,32,28,32,896
13/08/2016,33,28,33,897
14/08/2016,33,28,33,898
15/08/2016,33,28,33,899
16/08/2016,31,28,31,900
17/08/2016,33,28,33,901
18/08/2016,33,28,33,902
19/08/2016,32,27,32,903
20/08/2016,32,27,32,904
21/08/2016,33,27,33,905
22/08/2016,33,27,33,906
23/08/2016,33,27,33,907
24/08/2016,33,27,33,908
25/08/2016,32,27,32,909
26/08/2016,35,27,35,910
27/08/2016,35,27,35,911
28/08/2016,35,29,35,912
29/08/2016,35,29,35,913
30/08/2016,31,28,31,914
31/08/2016,32,29,32,915
1/9/2016,32,27,32,916
2/9/2016,32,26,32,917
3/9/2016,32,27,32,918
4/9/2016,29,27,29,919
5/9/2016,30,27,30,920
6/9/2016,31,27,31,921
7/9/2016,31,27,31,922
8/9/2016,32,27,32,923
9/9/2016,32,26,32,924
10/9/2016,32,27,32,925
11/9/2016,30,27,30,926
12/9/2016,29,27,29,927
13/09/2016,32,26,32,928
14/09/2016,32,26,32,929
15/09/2016,33,27,33,930
16/09/2016,33,27,33,931
17/09/2016,33,27,33,932
18/09/2016,33,27,33,933
19/09/2016,33,27,33,934
20/09/2016,33,27,33,935
21/09/2016,32,26,32,936
22/09/2016,32,26,32,937
23/09/2016,32,26,32,938
24/09/2016,32,26,32,939
25/09/2016,32,26,32,940
26/09/2016,32,26,32,941
27/09/2016,32,26,32,942
28/09/2016,31,26,31,943
29/09/2016,32,26,32,944
30/09/2016,32,26,32,945
1/10/2016,32,25,32,946
2/10/2016,35,26,35,947
3/10/2016,36,27,36,948
4/10/2016,33,27,33,949
5/10/2016,34,27,34,950
6/10/2016,33,27,33,951
7/10/2016,34,26,34,952
8/10/2016,34,27,34,953
9/10/2016,35,27,35,954
10/10/2016,36,26,36,955
11/10/2016,33,25,33,956
12/10/2016,32,25,32,957
13/10/2016,33,26,33,958
14/10/2016,34,25,34,959
15/10/2016,33,25,33,960
16/10/2016,33,25,33,961
17/10/2016,33,25,33,962
18/10/2016,33,25,33,963
19/10/2016,32,26,32,964
20/10/2016,32,25,32,965
21/10/2016,32,24,32,966
22/10/2016,31,24,31,967
23/10/2016,31,24,31,968
24/10/2016,30,25,30,969
25/10/2016,32,25,32,970
26/10/2016,33,24,33,971
27/10/2016,33,25,33,972
28/10/2016,33,25,33,973
29/10/2016,32,23,32,974
30/10/2016,32,23,32,975
31/10/2016,34,25,34,976
1/11/2016,34,26,34,977
2/11/2016,34,25,34,978
3/11/2016,34,26,34,979
4/11/2016,34,25,34,980
5/11/2016,34,24,34,981
6/11/2016,32,23,32,982
7/11/2016,32,23,32,983
8/11/2016,32,23,32,984
9/11/2016,32,23,32,985
10/11/2016,31,23,31,986
11/11/2016,32,23,32,987
12/11/2016,32,23,32,988
13/11/2016,31,23,31,989
14/11/2016,30,21,30,990
15/11/2016,30,21,30,991
16/11/2016,31,22,31,992
17/11/2016,32,22,32,993
18/11/2016,32,21,32,994
19/11/2016,30,22,30,995
20/11/2016,30,23,30,996
21/11/2016,30,22,30,997
22/11/2016,30,21,30,998
23/11/2016,30,21,30,999
24/11/2016,32,21,32,1000
25/11/2016,32,23,32,1001
26/11/2016,32,23,32,1002
27/11/2016,32,22,32,1003
28/11/2016,32,23,32,1004
29/11/2016,30,22,30,1005
30/11/2016,31,21,31,1006
1/12/2016,33,23,33,1007
2/12/2016,32,23,32,1008
3/12/2016,31,23,31,1009
4/12/2016,31,21,31,1010
5/12/2016,30,21,30,1011
6/12/2016,31,21,31,1012
7/12/2016,32,22,32,1013
8/12/2016,31,22,31,1014
9/12/2016,30,23,30,1015
10/12/2016,30,24,30,1016
11/12/2016,29,22,29,1017
12/12/2016,28,23,28,1018
13/12/2016,28,21,28,1019
14/12/2016,28,21,28,1020
15/12/2016,28,20,28,1021
16/12/2016,27,19,27,1022
17/12/2016,28,20,28,1023
18/12/2016,27,20,27,1024
19/12/2016,28,20,28,1025
20/12/2016,29,20,29,1026
21/12/2016,29,20,29,1027
22/12/2016,30,20,30,1028
23/12/2016,30,20,30,1029
24/12/2016,31,21,31,1030
25/12/2016,29,20,29,1031
26/12/2016,28,18,28,1032
27/12/2016,28,19,28,1033
28/12/2016,29,19,29,1034
29/12/2016,29,19,29,1035
30/12/2016,30,20,30,1036
31/12/2016,30,20,30,1037
1/1/2017,29,20,29,1038
2/1/2017,29,20,29,1039
3/1/2017,28,19,28,1040
4/1/2017,26,19,26,1041
5/1/2017,26,20,26,1042
6/1/2017,27,19,27,1043
7/1/2017,25,17,25,1044
8/1/2017,24,15,24,1045
9/1/2017,23,15,23,1046
10/1/2017,23,15,23,1047
11/1/2017,25,16,25,1048
12/1/2017,25,16,25,1049
13/01/2017,24,19,24,1050
14/01/2017,23,17,23,1051
15/01/2017,24,16,24,1052
16/01/2017,23,16,23,1053
17/01/2017,24,17,24,1054
18/01/2017,25,18,25,1055
19/01/2017,24,17,24,1056
20/01/2017,23,16,23,1057
21/01/2017,25,17,25,1058
22/01/2017,27,19,27,1059
23/01/2017,28,20,28,1060
24/01/2017,27,20,27,1061
25/01/2017,24,18,24,1062
26/01/2017,23,18,23,1063
27/01/2017,24,18,24,1064
28/01/2017,26,18,26,1065
29/01/2017,26,19,26,1066
30/01/2017,26,19,26,1067
31/01/2017,29,20,29,1068
1/2/2017,28,21,28,1069
2/2/2017,29,21,29,1070
3/2/2017,28,21,28,1071
4/2/2017,22,19,22,1072
5/2/2017,23,15,23,1073
6/2/2017,25,16,25,1074
7/2/2017,25,17,25,1075
8/2/2017,26,18,26,1076
9/2/2017,26,18,26,1077
10/2/2017,26,18,26,1078
11/2/2017,26,18,26,1079
12/2/2017,29,20,29,1080
13/02/2017,29,21,29,1081
14/02/2017,30,21,30,1082
15/02/2017,31,22,31,1083
16/02/2017,32,24,32,1084
17/02/2017,32,24,32,1085
18/02/2017,33,24,33,1086
19/02/2017,30,24,30,1087
20/02/2017,29,23,29,1088
21/02/2017,27,20,27,1089
22/02/2017,29,20,29,1090
23/02/2017,30,20,30,1091
24/02/2017,30,21,30,1092
25/02/2017,32,22,32,1093
26/02/2017,32,23,32,1094
27/02/2017,32,24,32,1095
28/02/2017,29,24,29,1096
1/3/2017,30,22,30,1097
2/3/2017,30,22,30,1098
3/3/2017,30,21,30,1099
4/3/2017,30,21,30,1100
5/3/2017,30,22,30,1101
6/3/2017,29,22,29,1102
7/3/2017,29,23,29,1103
8/3/2017,29,22,29,1104
9/3/2017,30,23,30,1105
10/3/2017,29,23,29,1106
11/3/2017,28,19,28,1107
12/3/2017,30,21,30,1108
13/03/2017,30,20,30,1109
14/03/2017,30,21,30,1110
15/03/2017,32,22,32,1111
16/03/2017,31,22,31,1112
17/03/2017,31,23,31,1113
18/03/2017,31,24,31,1114
19/03/2017,34,23,34,1115
20/03/2017,33,24,33,1116
21/03/2017,32,23,32,1117
22/03/2017,30,22,30,1118
23/03/2017,33,23,33,1119
24/03/2017,33,22,33,1120
25/03/2017,35,24,35,1121
26/03/2017,35,25,35,1122
27/03/2017,36,25,36,1123
28/03/2017,34,24,34,1124
29/03/2017,35,25,35,1125
30/03/2017,34,25,34,1126
31/03/2017,34,24,34,1127
1/4/2017,36,25,36,1128
2/4/2017,35,25,35,1129
3/4/2017,35,25,35,1130
4/4/2017,37,26,37,1131
5/4/2017,35,27,35,1132
6/4/2017,32,26,32,1133
7/4/2017,33,23,33,1134
8/4/2017,35,22,35,1135
9/4/2017,36,24,36,1136
10/4/2017,37,25,37,1137
11/4/2017,38,26,38,1138
12/4/2017,39,27,39,1139
13/04/2017,38,27,38,1140
14/04/2017,36,27,36,1141
15/04/2017,35,26,35,1142
16/04/2017,34,26,34,1143
17/04/2017,34,26,34,1144
18/04/2017,33,26,33,1145
19/04/2017,35,26,35,1146
20/04/2017,36,27,36,1147
21/04/2017,35,26,35,1148
22/04/2017,34,26,34,1149
23/04/2017,34,25,34,1150
24/04/2017,35,25,35,1151
25/04/2017,33,25,33,1152
26/04/2017,33,25,33,1153
27/04/2017,33,26,33,1154
28/04/2017,36,26,36,1155
29/04/2017,40,26,40,1156
30/04/2017,40,27,40,1157
1/5/2017,39,26,39,1158
2/5/2017,37,27,37,1159
3/5/2017,37,27,37,1160
4/5/2017,36,27,36,1161
5/5/2017,37,28,37,1162
6/5/2017,37,28,37,1163
7/5/2017,38,28,38,1164
8/5/2017,37,29,37,1165
9/5/2017,37,28,37,1166
10/5/2017,38,28,38,1167
11/5/2017,37,28,37,1168
12/5/2017,36,27,36,1169
13/05/2017,36,27,36,1170
14/05/2017,36,28,36,1171
15/05/2017,36,28,36,1172
16/05/2017,37,29,37,1173
17/05/2017,36,29,36,1174
18/05/2017,35,27,35,1175
19/05/2017,35,28,35,1176
20/05/2017,34,28,34,1177
21/05/2017,34,27,34,1178
22/05/2017,35,28,35,1179
23/05/2017,35,27,35,1180
24/05/2017,35,28,35,1181
25/05/2017,36,29,36,1182
26/05/2017,37,29,37,1183
27/05/2017,37,29,37,1184
28/05/2017,37,29,37,1185
29/05/2017,40,28,40,1186
30/05/2017,39,28,39,1187
31/05/2017,39,28,39,1188
1/6/2017,38,28,38,1189
2/6/2017,37,27,37,1190
3/6/2017,38,28,38,1191
4/6/2017,37,29,37,1192
5/6/2017,35,29,35,1193
6/6/2017,35,29,35,1194
7/6/2017,34,29,34,1195
8/6/2017,35,29,35,1196
9/6/2017,36,30,36,1197
10/6/2017,36,29,36,1198
11/6/2017,36,29,36,1199
12/6/2017,36,29,36,1200
13/06/2017,35,29,35,1201
14/06/2017,35,30,35,1202
15/06/2017,35,29,35,1203
16/06/2017,33,29,33,1204
17/06/2017,33,30,33,1205
18/06/2017,34,30,34,1206
19/06/2017,34,30,34,1207
20/06/2017,33,30,33,1208
21/06/2017,33,29,33,1209
22/06/2017,34,30,34,1210
23/06/2017,33,29,33,1211
24/06/2017,35,29,35,1212
25/06/2017,36,29,36,1213
26/06/2017,39,30,39,1214
27/06/2017,38,30,38,1215
28/06/2017,38,31,38,1216
29/06/2017,36,30,36,1217
30/06/2017,35,30,35,1218
1/7/2017,34,29,34,1219
2/7/2017,34,29,34,1220
3/7/2017,34,29,34,1221
4/7/2017,33,30,33,1222
5/7/2017,33,29,33,1223
6/7/2017,30,29,30,1224
7/7/2017,31,29,31,1225
8/7/2017,33,28,33,1226
9/7/2017,31,28,31,1227
10/7/2017,31,28,31,1228
11/7/2017,30,29,30,1229
12/7/2017,30,28,30,1230
13/07/2017,32,28,32,1231
14/07/2017,32,27,32,1232
15/07/2017,31,27,31,1233
16/07/2017,32,27,32,1234
17/07/2017,34,28,34,1235
18/07/2017,33,28,33,1236
19/07/2017,34,28,34,1237
20/07/2017,36,30,36,1238
21/07/2017,33,29,33,1239
22/07/2017,31,28,31,1240
23/07/2017,31,27,31,1241
24/07/2017,31,27,31,1242
25/07/2017,30,27,30,1243
26/07/2017,31,28,31,1244
27/07/2017,31,28,31,1245
28/07/2017,31,28,31,1246
29/07/2017,29,27,29,1247
30/07/2017,31,27,31,1248
31/07/2017,30,28,30,1249
1/8/2017,29,27,29,1250
2/8/2017,30,27,30,1251
3/8/2017,29,27,29,1252
4/8/2017,30,27,30,1253
5/8/2017,30,27,30,1254
6/8/2017,32,27,32,1255
7/8/2017,29,27,29,1256
8/8/2017,31,27,31,1257
9/8/2017,32,27,32,1258
10/8/2017,31,27,31,1259
11/8/2017,31,28,31,1260
12/8/2017,30,27,30,1261
13/08/2017,29,27,29,1262
14/08/2017,29,27,29,1263
15/08/2017,31,27,31,1264
16/08/2017,31,27,31,1265
17/08/2017,30,27,30,1266
18/08/2017,31,27,31,1267
19/08/2017,30,27,30,1268
20/08/2017,31,27,31,1269
21/08/2017,35,27,35,1270
22/08/2017,34,28,34,1271
23/08/2017,32,28,32,1272
24/08/2017,32,28,32,1273
25/08/2017,32,28,32,1274
26/08/2017,31,28,31,1275
27/08/2017,32,27,32,1276
28/08/2017,34,27,34,1277
29/08/2017,38,28,38,1278
30/08/2017,38,30,38,1279
31/08/2017,34,29,34,1280
1/9/2017,32,28,32,1281
2/9/2017,31,27,31,1282
3/9/2017,31,27,31,1283
4/9/2017,31,27,31,1284
5/9/2017,30,27,30,1285
6/9/2017,30,27,30,1286
7/9/2017,30,27,30,1287
8/9/2017,31,27,31,1288
9/9/2017,31,27,31,1289
10/9/2017,31,27,31,1290
11/9/2017,30,27,30,1291
12/9/2017,32,27,32,1292
13/09/2017,32,27,32,1293
14/09/2017,32,27,32,1294
15/09/2017,33,27,33,1295
16/09/2017,34,27,34,1296
17/09/2017,35,27,35,1297
18/09/2017,35,28,35,1298
19/09/2017,37,28,37,1299
20/09/2017,38,27,38,1300
21/09/2017,33,27,33,1301
22/09/2017,32,27,32,1302
23/09/2017,31,26,31,1303
24/09/2017,31,27,31,1304
25/09/2017,31,26,31,1305
26/09/2017,31,26,31,1306
27/09/2017,32,26,32,1307
28/09/2017,31,26,31,1308
29/09/2017,31,26,31,1309
30/09/2017,32,26,32,1310
1/10/2017,33,26,33,1311
2/10/2017,32,27,32,1312
3/10/2017,32,27,32,1313
4/10/2017,32,27,32,1314
5/10/2017,32,26,32,1315
6/10/2017,29,26,29,1316
7/10/2017,36,27,36,1317
8/10/2017,35,28,35,1318
9/10/2017,35,27,35,1319
10/10/2017,38,28,38,1320
11/10/2017,38,30,38,1321
12/10/2017,39,30,39,1322
13/10/2017,37,29,37,1323
14/10/2017,35,28,35,1324
15/10/2017,34,27,34,1325
16/10/2017,34,27,34,1326
17/10/2017,34,26,34,1327
18/10/2017,34,26,34,1328
19/10/2017,35,27,35,1329
20/10/2017,35,27,35,1330
21/10/2017,34,28,34,1331
22/10/2017,32,27,32,1332
23/10/2017,31,27,31,1333
24/10/2017,32,26,32,1334
25/10/2017,34,26,34,1335
26/10/2017,33,26,33,1336
27/10/2017,31,26,31,1337
28/10/2017,32,25,32,1338
29/10/2017,32,25,32,1339
30/10/2017,34,26,34,1340
31/10/2017,34,27,34,1341
1/11/2017,33,26,33,1342
2/11/2017,32,25,32,1343
3/11/2017,31,24,31,1344
4/11/2017,33,25,33,1345
5/11/2017,34,26,34,1346
6/11/2017,34,26,34,1347
7/11/2017,33,26,33,1348
8/11/2017,31,25,31,1349
9/11/2017,31,24,31,1350
10/11/2017,32,24,32,1351
11/11/2017,32,25,32,1352
12/11/2017,31,25,31,1353
13/11/2017,28,24,28,1354
14/11/2017,30,24,30,1355
15/11/2017,29,23,29,1356
16/11/2017,28,23,28,1357
17/11/2017,27,22,27,1358
18/11/2017,27,21,27,1359
19/11/2017,28,21,28,1360
20/11/2017,27,21,27,1361
21/11/2017,27,21,27,1362
22/11/2017,28,20,28,1363
23/11/2017,27,20,27,1364
24/11/2017,27,21,27,1365
25/11/2017,28,21,28,1366
26/11/2017,30,22,30,1367
27/11/2017,30,23,30,1368
28/11/2017,29,23,29,1369
29/11/2017,29,22,29,1370
30/11/2017,30,23,30,1371
1/12/2017,29,22,29,1372
2/12/2017,29,21,29,1373
3/12/2017,29,21,29,1374
4/12/2017,27,22,27,1375
5/12/2017,26,18,26,1376
6/12/2017,26,19,26,1377
7/12/2017,25,18,25,1378
8/12/2017,27,19,27,1379
9/12/2017,27,19,27,1380
10/12/2017,28,21,28,1381
11/12/2017,25,19,25,1382
12/12/2017,25,19,25,1383
13/12/2017,24,19,24,1384
14/12/2017,25,18,25,1385
15/12/2017,23,17,23,1386
16/12/2017,24,17,24,1387
17/12/2017,25,18,25,1388
18/12/2017,27,20,27,1389
19/12/2017,27,20,27,1390
20/12/2017,28,21,28,1391
21/12/2017,28,21,28,1392
22/12/2017,28,21,28,1393
23/12/2017,27,20,27,1394
24/12/2017,28,20,28,1395
25/12/2017,29,21,29,1396
26/12/2017,27,20,27,1397
27/12/2017,27,20,27,1398
28/12/2017,29,20,29,1399
29/12/2017,28,21,28,1400
30/12/2017,26,20,26,1401
31/12/2017,25,18,25,1402
1/1/2018,25,18,25,1403
2/1/2018,25,18,25,1404
3/1/2018,25,18,25,1405
4/1/2018,25,20,25,1406
5/1/2018,25,19,25,1407
6/1/2018,24,18,24,1408
7/1/2018,24,18,24,1409
8/1/2018,24,18,24,1410
9/1/2018,26,19,26,1411
10/1/2018,27,19,27,1412
11/1/2018,25,21,25,1413
12/1/2018,27,22,27,1414
13/01/2018,27,22,27,1415
14/01/2018,28,20,28,1416
15/01/2018,29,21,29,1417
16/01/2018,27,21,27,1418
17/01/2018,26,20,26,1419
18/01/2018,28,19,28,1420
19/01/2018,27,19,27,1421
20/01/2018,26,19,26,1422
21/01/2018,25,19,25,1423
22/01/2018,25,20,25,1424
23/01/2018,24,18,24,1425
24/01/2018,25,17,25,1426
25/01/2018,25,19,25,1427
26/01/2018,25,19,25,1428
27/01/2018,26,19,26,1429
28/01/2018,26,19,26,1430
29/01/2018,26,19,26,1431
30/01/2018,28,20,28,1432
31/01/2018,27,20,27,1433
1/2/2018,27,21,27,1434
2/2/2018,27,20,27,1435
3/2/2018,27,20,27,1436
4/2/2018,26,20,26,1437
5/2/2018,26,19,26,1438
6/2/2018,28,19,28,1439
7/2/2018,27,19,27,1440
8/2/2018,27,19,27,1441
9/2/2018,26,19,26,1442
10/2/2018,26,20,26,1443
11/2/2018,25,20,25,1444
12/2/2018,25,20,25,1445
13/02/2018,26,20,26,1446
14/02/2018,29,21,29,1447
15/02/2018,29,21,29,1448
16/02/2018,29,21,29,1449
17/02/2018,30,23,30,1450
18/02/2018,30,23,30,1451
19/02/2018,30,23,30,1452
20/02/2018,30,22,30,1453
21/02/2018,29,22,29,1454
22/02/2018,29,22,29,1455
23/02/2018,29,22,29,1456
24/02/2018,29,22,29,1457
25/02/2018,32,22,32,1458
26/02/2018,31,25,31,1459
27/02/2018,31,25,31,1460
28/02/2018,31,24,31,1461
1/3/2018,31,24,31,1462
2/3/2018,31,24,31,1463
3/3/2018,30,23,30,1464
4/3/2018,29,23,29,1465
5/3/2018,32,23,32,1466
6/3/2018,32,23,32,1467
7/3/2018,33,25,33,1468
8/3/2018,33,25,33,1469
9/3/2018,31,24,31,1470
10/3/2018,30,23,30,1471
11/3/2018,30,23,30,1472
12/3/2018,31,22,31,1473
13/03/2018,31,22,31,1474
14/03/2018,30,24,30,1475
15/03/2018,31,24,31,1476
16/03/2018,31,24,31,1477
17/03/2018,30,23,30,1478
18/03/2018,28,22,28,1479
19/03/2018,29,23,29,1480
20/03/2018,29,23,29,1481
21/03/2018,31,23,31,1482
22/03/2018,30,23,30,1483
23/03/2018,31,23,31,1484
24/03/2018,31,23,31,1485
25/03/2018,35,26,35,1486
26/03/2018,36,26,36,1487
27/03/2018,34,26,34,1488
28/03/2018,38,25,38,1489
29/03/2018,31,25,31,1490
30/03/2018,34,24,34,1491
31/03/2018,31,26,31,1492
1/4/2018,33,24,33,1493
2/4/2018,33,24,33,1494
3/4/2018,33,24,33,1495
4/4/2018,34,23,34,1496
5/4/2018,33,23,33,1497
6/4/2018,33,24,33,1498
7/4/2018,34,24,34,1499
8/4/2018,34,23,34,1500
9/4/2018,34,24,34,1501
10/4/2018,35,26,35,1502
11/4/2018,37,28,37,1503
12/4/2018,38,28,38,1504
13/04/2018,34,27,34,1505
14/04/2018,35,28,35,1506
15/04/2018,35,28,35,1507
16/04/2018,36,27,36,1508
17/04/2018,35,26,35,1509
18/04/2018,37,28,37,1510
19/04/2018,35,28,35,1511
20/04/2018,36,26,36,1512
21/04/2018,35,26,35,1513
22/04/2018,36,25,36,1514
23/04/2018,36,27,36,1515
24/04/2018,35,27,35,1516
25/04/2018,33,27,33,1517
26/04/2018,34,27,34,1518
27/04/2018,35,27,35,1519
28/04/2018,35,27,35,1520
29/04/2018,35,28,35,1521
30/04/2018,35,28,35,1522
1/5/2018,36,28,36,1523
2/5/2018,36,29,36,1524
3/5/2018,40,29,40,1525
4/5/2018,38,30,38,1526
5/5/2018,35,28,35,1527
6/5/2018,34,28,34,1528
7/5/2018,33,28,33,1529
8/5/2018,34,28,34,1530
9/5/2018,34,27,34,1531
10/5/2018,34,27,34,1532
11/5/2018,35,28,35,1533
12/5/2018,35,28,35,1534
13/05/2018,35,28,35,1535
14/05/2018,36,28,36,1536
15/05/2018,36,28,36,1537
16/05/2018,35,28,35,1538
17/05/2018,39,29,39,1539
18/05/2018,37,30,37,1540
19/05/2018,39,30,39,1541
20/05/2018,40,28,40,1542
21/05/2018,41,32,41,1543
22/05/2018,41,32,41,1544
23/05/2018,40,31,40,1545
24/05/2018,37,29,37,1546
25/05/2018,39,30,39,1547
26/05/2018,38,29,38,1548
27/05/2018,37,30,37,1549
28/05/2018,37,29,37,1550
29/05/2018,42,29,42,1551
30/05/2018,43,32,43,1552
31/05/2018,37,30,37,1553
1/6/2018,35,29,35,1554
2/6/2018,35,28,35,1555
3/6/2018,34,28,34,1556
4/6/2018,34,28,34,1557
5/6/2018,34,29,34,1558
6/6/2018,34,29,34,1559
7/6/2018,34,29,34,1560
8/6/2018,34,29,34,1561
9/6/2018,35,29,35,1562
10/6/2018,37,30,37,1563
11/6/2018,35,29,35,1564
12/6/2018,33,30,33,1565
13/06/2018,34,29,34,1566
14/06/2018,33,29,33,1567
15/06/2018,33,29,33,1568
16/06/2018,33,29,33,1569
17/06/2018,33,29,33,1570
18/06/2018,34,29,34,1571
19/06/2018,36,29,36,1572
20/06/2018,34,29,34,1573
21/06/2018,34,28,34,1574
22/06/2018,34,29,34,1575
23/06/2018,35,29,35,1576
24/06/2018,34,29,34,1577
25/06/2018,34,29,34,1578
26/06/2018,34,29,34,1579
27/06/2018,36,29,36,1580
28/06/2018,36,29,36,1581
29/06/2018,38,30,38,1582
30/06/2018,35,31,35,1583
1/7/2018,34,30,34,1584
2/7/2018,34,30,34,1585
3/7/2018,32,30,32,1586
4/7/2018,31,29,31,1587
5/7/2018,33,30,33,1588
6/7/2018,33,29,33,1589
7/7/2018,33,29,33,1590
8/7/2018,33,29,33,1591
9/7/2018,32,29,32,1592
10/7/2018,31,29,31,1593
11/7/2018,32,29,32,1594
12/7/2018,31,29,31,1595
13/07/2018,31,29,31,1596
14/07/2018,33,29,33,1597
15/07/2018,33,28,33,1598
16/07/2018,32,28,32,1599
17/07/2018,33,28,33,1600
18/07/2018,30,28,30,1601
19/07/2018,33,28,33,1602
20/07/2018,32,28,32,1603
21/07/2018,32,28,32,1604
22/07/2018,31,27,31,1605
23/07/2018,31,28,31,1606
24/07/2018,30,27,30,1607
25/07/2018,29,27,29,1608
26/07/2018,30,27,30,1609
27/07/2018,31,27,31,1610
28/07/2018,31,27,31,1611
29/07/2018,31,27,31,1612
30/07/2018,32,27,32,1613
31/07/2018,30,27,30,1614
1/8/2018,30,27,30,1615
2/8/2018,30,27,30,1616
3/8/2018,30,27,30,1617
4/8/2018,29,27,29,1618
5/8/2018,29,27,29,1619
6/8/2018,30,26,30,1620
7/8/2018,31,27,31,1621
8/8/2018,31,27,31,1622
9/8/2018,30,27,30,1623
10/8/2018,31,27,31,1624
11/8/2018,31,27,31,1625
12/8/2018,30,27,30,1626
13/08/2018,30,27,30,1627
14/08/2018,31,27,31,1628
15/08/2018,31,27,31,1629
16/08/2018,31,27,31,1630
17/08/2018,32,27,32,1631
18/08/2018,30,27,30,1632
19/08/2018,31,27,31,1633
20/08/2018,31,27,31,1634
21/08/2018,31,27,31,1635
22/08/2018,31,27,31,1636
23/08/2018,29,27,29,1637
24/08/2018,30,27,30,1638
25/08/2018,28,26,28,1639
26/08/2018,29,26,29,1640
27/08/2018,29,25,29,1641
28/08/2018,29,25,29,1642
29/08/2018,30,26,30,1643
30/08/2018,29,26,29,1644
31/08/2018,28,26,28,1645
1/9/2018,28,26,28,1646
2/9/2018,28,25,28,1647
3/9/2018,29,25,29,1648
4/9/2018,28,25,28,1649
5/9/2018,28,25,28,1650
6/9/2018,29,25,29,1651
7/9/2018,29,25,29,1652
8/9/2018,30,25,30,1653
9/9/2018,31,26,31,1654
10/9/2018,30,26,30,1655
11/9/2018,29,26,29,1656
12/9/2018,29,26,29,1657
13/09/2018,29,26,29,1658
14/09/2018,28,26,28,1659
15/09/2018,29,26,29,1660
16/09/2018,28,25,28,1661
17/09/2018,29,25,29,1662
18/09/2018,30,26,30,1663
19/09/2018,30,26,30,1664
20/09/2018,30,25,30,1665
21/09/2018,31,25,31,1666
22/09/2018,35,26,35,1667
23/09/2018,34,27,34,1668
24/09/2018,32,27,32,1669
25/09/2018,31,26,31,1670
26/09/2018,31,26,31,1671
27/09/2018,31,26,31,1672
28/09/2018,31,27,31,1673
29/09/2018,31,26,31,1674
30/09/2018,34,26,34,1675
1/10/2018,33,27,33,1676
2/10/2018,33,26,33,1677
3/10/2018,34,26,34,1678
4/10/2018,33,27,33,1679
5/10/2018,34,30,34,1680
6/10/2018,36,28,36,1681
7/10/2018,36,30,36,1682
8/10/2018,35,30,35,1683
9/10/2018,36,30,36,1684
10/10/2018,35,31,35,1685
11/10/2018,38,31,38,1686
12/10/2018,37,30,37,1687
13/10/2018,36,31,36,1688
14/10/2018,33,29,33,1689
15/10/2018,36,28,36,1690
16/10/2018,34,29,34,1691
17/10/2018,35,27,35,1692
18/10/2018,35,27,35,1693
19/10/2018,38,27,38,1694
20/10/2018,36,29,36,1695
21/10/2018,36,30,36,1696
22/10/2018,35,30,35,1697
23/10/2018,32,27,32,1698
24/10/2018,32,27,32,1699
25/10/2018,32,27,32,1700
26/10/2018,34,28,34,1701
27/10/2018,35,28,35,1702
28/10/2018,35,29,35,1703
29/10/2018,35,28,35,1704
30/10/2018,35,29,35,1705
31/10/2018,35,28,35,1706
1/11/2018,35,28,35,1707
2/11/2018,35,30,35,1708
3/11/2018,37,29,37,1709
4/11/2018,33,28,33,1710
5/11/2018,36,27,36,1711
6/11/2018,36,28,36,1712
7/11/2018,33,29,33,1713
8/11/2018,32,27,32,1714
9/11/2018,32,27,32,1715
10/11/2018,32,26,32,1716
11/11/2018,32,28,32,1717
12/11/2018,30,28,30,1718
13/11/2018,31,27,31,1719
14/11/2018,35,28,35,1720
15/11/2018,36,28,36,1721
16/11/2018,33,29,33,1722
17/11/2018,34,27,34,1723
18/11/2018,33,26,33,1724
19/11/2018,36,28,36,1725
20/11/2018,34,28,34,1726
21/11/2018,36,27,36,1727
22/11/2018,34,28,34,1728
23/11/2018,34,28,34,1729
24/11/2018,34,26,34,1730
25/11/2018,31,25,31,1731
26/11/2018,31,25,31,1732
27/11/2018,31,26,31,1733
28/11/2018,35,26,35,1734
29/11/2018,34,26,34,1735
30/11/2018,35,25,35,1736
1/12/2018,31,27,31,1737
2/12/2018,29,26,29,1738
3/12/2018,31,24,31,1739
4/12/2018,33,25,33,1740
5/12/2018,30,25,30,1741
6/12/2018,28,23,28,1742
7/12/2018,30,24,30,1743
8/12/2018,28,26,28,1744
9/12/2018,28,24,28,1745
10/12/2018,30,25,30,1746
11/12/2018,30,24,30,1747
12/12/2018,28,21,28,1748
13/12/2018,27,20,27,1749
14/12/2018,25,21,25,1750
15/12/2018,24,18,24,1751
16/12/2018,24,18,24,1752
17/12/2018,25,18,25,1753
18/12/2018,29,20,29,1754
19/12/2018,26,21,26,1755
20/12/2018,30,22,30,1756
21/12/2018,31,22,31,1757
22/12/2018,29,22,29,1758
23/12/2018,30,21,30,1759
24/12/2018,30,20,30,1760
25/12/2018,26,20,26,1761
26/12/2018,27,22,27,1762
27/12/2018,29,22,29,1763
28/12/2018,26,21,26,1764
29/12/2018,27,22,27,1765
30/12/2018,29,22,29,1766
31/12/2018,30,22,30,1767
1/1/2019,27,23,27,1768
2/1/2019,34,23,34,1769
3/1/2019,29,22,29,1770
4/1/2019,26,21,26,1771
5/1/2019,29,22,29,1772
6/1/2019,25,21,25,1773
7/1/2019,26,19,26,1774
8/1/2019,28,21,28,1775
9/1/2019,28,22,28,1776
10/1/2019,25,22,25,1777
11/1/2019,28,22,28,1778
12/1/2019,27,21,27,1779
13/01/2019,28,21,28,1780
14/01/2019,24,18,24,1781
15/01/2019,26,20,26,1782
16/01/2019,27,21,27,1783
17/01/2019,29,23,29,1784
18/01/2019,32,23,32,1785
19/01/2019,30,23,30,1786
20/01/2019,26,23,26,1787
21/01/2019,24,24,24,1788
22/01/2019,24,19,24,1789
23/01/2019,29,20,29,1790
24/01/2019,26,19,26,1791
25/01/2019,26,19,26,1792
26/01/2019,25,21,25,1793
27/01/2019,26,18,26,1794
28/01/2019,28,20,28,1795
29/01/2019,27,20,27,1796
30/01/2019,24,21,24,1797
31/01/2019,28,18,28,1798
1/2/2019,25,18,25,1799
2/2/2019,25,17,25,1800
3/2/2019,25,19,25,1801
4/2/2019,27,19,27,1802
5/2/2019,26,21,26,1803
6/2/2019,24,20,24,1804
7/2/2019,22,16,22,1805
8/2/2019,26,17,26,1806
9/2/2019,24,17,24,1807
10/2/2019,28,20,28,1808
11/2/2019,28,20,28,1809
12/2/2019,28,21,28,1810
13/02/2019,29,22,29,1811
14/02/2019,27,21,27,1812
15/02/2019,32,22,32,1813
16/02/2019,30,23,30,1814
17/02/2019,27,21,27,1815
18/02/2019,25,21,25,1816
19/02/2019,26,22,26,1817
20/02/2019,25,22,25,1818
21/02/2019,27,22,27,1819
22/02/2019,27,21,27,1820
23/02/2019,28,22,28,1821
24/02/2019,29,21,29,1822
25/02/2019,27,22,27,1823
26/02/2019,27,22,27,1824
27/02/2019,27,20,27,1825
28/02/2019,26,21,26,1826
